{ "Menus/Resize/Variables/Increment":0.10000000000000001, "Menus/Move/Variables/Increment":0.099999999999999992}